Cp (J/mol·K),H (kJ/mol),S (J/mol·K),T_used,T_range
35.21836175,6.92464479166668,206.5340700842568,500.0,"(500.0, 1700.0)"
