T_min,T_max,A,B,C,D,E,F,G,H,I,J,S_std
500.0,1700.0,30.092,6.832514,6.793435,-2.53448,0.082139,-250.881,223.3967,-241.8264,"Chase, 1998","Data last reviewed in March, 1979",188.835
1700.0,6000.0,41.96426,8.622053,-1.49978,0.098119,-11.15764,-272.1797,219.7809,-241.8264,"Chase, 1998","Data last reviewed in March, 1979",188.835
