T_min,T_max,A,B,C,D,E,F,G,H,I,J,S_std
298.0,1200.0,32.12392,-13.45805,19.86852,-6.853936,-0.049672,-101.6206,228.6866,-92.31201,"Chase, 1998","Data last reviewed in September, 1964",186.902
1200.0,6000.0,31.91923,3.203184,-0.541539,0.035925,-3.438525,-108.015,218.2768,-92.31201,"Chase, 1998","Data last reviewed in September, 1964",186.902
